Blog Post Titles,Dates
Oxylabs Receives ISO/IEC 27001 Certification,2023-12-22
AdsPower vs. Multilogin 2023: Antidetect Browsers Comparison,2023-12-19
How to Scrape Indeed Jobs Data,2023-12-15
Optimizing Hospitable’s Rental Management Software With Oxylabs’ Proxies,2023-12-15
How to Track Target.com Prices With Python,2023-12-14
Reaching Any Website Worldwide With Oxylabs’ Proxies: Price2Spy’s Case,2023-12-12
How to Scrape Amazon Reviews With Python,2023-12-07
Incogniton vs. Multilogin 2023: Antidetect Browsers Comparison,2023-12-06
Web Scraping With C#,2023-12-06
Oxylabs Proxies Power Zulu5’s Advertising Intelligence Solutions,2023-12-05
Top Antidetect Browsers of 2023,2023-12-05
5 Best Proxy Providers in 2023,2023-11-30
How to Build Walmart Price Tracker With Python,2023-11-27
How to Track Amazon Prices With Python,2023-11-22
SERP Scraper API Quick Start Guide,2023-11-21
What is a Headless Browser?,2023-11-21
E-Commerce Scraper API Quick Start Guide,2023-11-21
Web Scraper API Quick Start Guide,2023-11-21
Meet us at the Black Hat Europe Conference in London!,2023-11-06
How Oxylabs’ Proxies Help QL2 Scale Web Scraping Efficiently,2023-10-30
"""Project 4β"" Partners With the University of Edinburgh Business School",2023-10-26
Enterprise Dedicated Datacenter Proxies Quick Start Guide,2023-10-25
Self-Service Dedicated Datacenter Proxies Quick Start Guide,2023-10-25
Affise: Residential Proxies Is Key to Our Affiliate Marketing Management Solution,2023-10-23
5 Best Web Scraping Course Platforms in 2023,2023-10-20
Fizbot's Success Story: Oxylabs' Web Unblocker Fuels the Real Estate Market With Data-Driven Insight,2023-10-20
How to Scrape Google Search Results: Python Tutorial,2023-10-19
Scraping Amazon Product Data With Python: A Complete Guide,2023-10-18
How to Make Wayfair Price Tracker With Python,2023-10-18
How to Scrape E-Commerce Websites With Python,2023-10-17
Real Estate Scraper API Quick Start Guide,2023-10-17
Shared Datacenter Proxies Quick Start Guide,2023-10-16
How to Scrape Google Images With Python,2023-10-13
How to Scrape Dynamic Websites With Python,2023-10-12
How to Detect and Stop Bot Traffic? Techniques and Tips,2023-10-12
How to Scrape Craigslist Data With Python,2023-10-12
How to Scrape IMDb Data: Step-by-Step Guide,2023-10-10
Oxylabs Proxies Help Crawly Provide Advanced Web Scraping Services,2023-10-06
Take Your Geo-Targeting to the Next Level With Our New Coordinates Feature!,2023-10-06
How to Scrape Tripadvisor Data,2023-10-06
How to Bypass CAPTCHA With Selenium & Python,2023-10-06
Ethical Web Data Collection Initiative Launches Its Accreditation Program,2023-10-04
How to Make Best Buy Price Tracker With Python,2023-10-04
How to Bypass CAPTCHA in Web Scraping Using Python,2023-10-03
Residential Proxies Quick Start Guide,2023-09-29
24 Best Website Testing Tools To Use In 2023,2023-09-28
Web Scraping With Java,2023-09-28
Scrapy Playwright Tutorial: How to Scrape JavaScript Websites,2023-09-28
Scraping Made Easy: Unlock the Full Potential of Scraper APIs,2023-09-27
